"grid_name","grid_id","Unique_ID","open_area_ha","intensive_area_ha","seasonal_area_ha","swf_area_ha","shdi","built_up_m2","mean_elevation_m","mean_field_size_m2","total_edge_m","edge_density"
"G119","G119.1",1,1.95,2.53,1.66,1.29,1.35674149882565,0,549.8144004,2704.57542576959,3380,454.912516823688
"G119","G119.2",2,1.25,3.61,0.96,1.62,1.24672894772353,110.261001586914,548.5547781,2526.30595992433,2630,353.494623655914
"G119","G119.3",3,1.81,2.16,1.55,1.94,1.37922496387713,83.9049987792969,550.4073213,3723.07131118838,3000,402.144772117962
"G119","G119.4",4,0.74,2.29,3.08,1.27,1.2612532435068,122.412803649902,552.0287318,2925.7070439552,2480,336.043360433604
"G119","G119.5",5,1.21,4.13,1.01,1.11,1.17657608752715,132.704601287842,548.3743396,2737.65605884214,2410,323.056300268096
"G119","G119.6",6,4.04,0.25,0.52,2.63,0.999158386786054,0,547.3329877,3591.53342134417,2460,330.645161290323
"G119","G119.7",7,0.01,5.92,1.36,0.17,0.588825306423077,0,552.3924324,2512.35430639395,1660,222.520107238606
"G71","G71.1",8,7.46,0,0,0,0,0,651.4629445,0,0,0
"G71","G71.2",9,7.43,0,0,0,0,0,655.8254061,0,0,0
"G71","G71.3",10,2.71,0.01,4.71,0.02,0.682513537706739,0,656.2578686,6720.41989282516,730,97.986577181208
"G71","G71.4",11,6.92,0.01,0.27,0.26,0.31567521594357,390.462310791016,656.797117,37388.6417835965,780,104.55764075067
"G71","G71.5",12,7.38,0,0,0.06,0.046905148582397,0,653.1335204,0,120,16.1290322580645
"G71","G71.6",13,6.66,0,0,0.81,0.343228100650399,176.468704223633,661.324273,0,430,57.5635876840696
"G96","G96.1",14,6.45,0,0.9,0.05,0.409763004812854,228.05029964447,588.8258924,1640.56843799662,600,81.0810810810811
"G96","G96.2",15,3.61,0.28,3.48,0.03,0.851178606373084,0,586.4445229,1505.573804232,1190,160.810810810811
"G96","G96.3",16,4.78,0.03,2.64,0,0.674564983174797,700.875,590.4997642,1768.78686494511,1240,166.442953020134
"G96","G96.4",17,5.32,0.37,1.74,0.02,0.745142318349977,346.098398208618,593.9782127,1273.97889914764,1270,170.469798657718
"G96","G96.5",18,7.1,0,0.26,0.1,0.221864354032708,162.638198852539,589.1103605,1531.72962719965,460,61.6621983914209
"G145","G145.1",19,7.33,0.04,0.03,0.03,0.0860060707481713,0,527.8109191,242.962432010667,160,21.5343203230148
"G145","G145.2",20,7.4,0,0,0,0,0,522.6563037,0,0,0
"G145","G145.3",21,7.38,0,0,0.01,0.0102904208735756,0,526.6681955,0,40,5.4127198917456
"G145","G145.4",22,7.48,0,0,0,0,0,537.9953845,0,0,0
"G54","G54.1",23,3.24,0.42,2.87,0.93,1.15125888187818,0,622.8112287,2103.0619175773,2690,360.58981233244
"G54","G54.2",24,4.42,0.03,2.78,0.25,0.814454622396872,74.3236999511719,628.8666072,1856.11789104163,1860,248.663101604278
"G54","G54.3",25,5.73,0.91,0.46,0.31,0.761689102559087,83.317798614502,635.7806633,3340.61840036311,1140,153.846153846154
"G54","G54.4",26,6.4,0.03,1.05,0,0.431171284794098,0,661.2954178,3293.06323378238,650,86.8983957219251
"G54","G54.5",27,7.36,0,0.11,0,0.0767315634658361,0,660.6074559,1155.05063722716,100,13.3868808567604
"G54","G54.6",28,7.3,0,0,0.12,0.0827435966425357,21.6623001098633,659.2524515,0,230,30.9973045822102
"G7","G7.1",29,1.81,1.61,2.71,1.31,1.34878953588234,2010.94300270081,801.0657416,1362.68341186585,3690,495.967741935484
"G7","G7.2",30,0.8,1.52,3.85,1.28,1.20767881243989,107.977702140808,810.4532498,1893.73489876686,3200,429.530201342282
"G7","G7.3",31,0.84,1.1,4.96,0.52,0.985133900361717,0,811.3396981,2078.17517316462,2990,402.964959568733
"G7","G7.4",32,3.66,0.25,3.41,0.1,0.878172058086215,116.692398071289,816.829417,1467.98938110185,2200,296.495956873315
"G106","G106.1",33,2.96,2.44,1.65,0.35,1.21128041485066,144.960601806641,546.3601019,2271.78405145268,2750,371.621621621622
"G106","G106.2",34,7.47,0,0,0.01,0.0101827997736558,0,574.1314021,0,40,5.3475935828877
"G106","G106.3",35,7,0,0,0.44,0.22459402082397,0,570.4596942,0,950,127.688172043011
"G106","G106.4",36,4.57,0.78,1.57,0.54,1.05435116578741,446.197399139404,573.4886569,6066.60428450593,1700,227.882037533512
"G106","G106.5",37,7,0,0.41,0.01,0.22388739779641,0,573.5882729,2327.25190170684,290,39.0835579514825
"G106","G106.6",38,5.18,1.03,0.76,0.47,0.933335480504868,0,542.67078,2938.9981241461,1570,211.021505376344
"G106","G106.7",39,4.15,1.37,0.92,1.03,1.16873639315108,0,532.8897163,3392.75377951854,2600,348.05890227577
"G106","G106.8",40,3.4,2.32,0.78,0.93,1.2179105513677,10.6300001144409,537.3521659,2290.61117133003,2600,349.932705248991
"G106","G106.9",41,4.81,0.83,0.48,1.34,1.01219998480833,3482.72321279602,585.7375695,3321.84533602674,1890,253.351206434316
"G22","G22.1",42,1.46,1.19,4.15,0.66,1.15282873516465,847.935210227966,766.9095973,1948.37973201839,3640,487.935656836461
"G22","G22.2",43,3.65,1.52,1.43,0.85,1.23834460474857,5468.24947214127,768.531929,1771.06561425181,3000,402.684563758389
"G22","G22.3",44,0.6,1.66,4.87,0.28,0.938315064126533,218.842395782471,771.3970598,1433.03318545814,3260,439.946018893387
"G22","G22.4",45,5.05,0.77,1.54,0.08,0.872523215784802,171.972502708435,777.3923056,1508.30645806166,1370,184.139784946237
"G22","G22.5",46,5.23,0.37,1.61,0.27,0.849409974473934,289.787405014038,781.8320932,1456.61435418885,1490,199.197860962567
"G22","G22.6",47,4.61,0.89,1.83,0.15,0.97443258530853,1454.86498212814,783.2518066,3007.04809158186,2050,274.064171122995
"G22","G22.7",48,2.1,1.97,2.4,0.98,1.34041258009252,2078.08871841431,789.159766,967.240861581671,3400,456.375838926174
"G22","G22.8",49,3.13,1.87,1.73,0.71,1.27474449302002,271.017294883728,789.8315167,1276.77307541869,3220,432.795698924731
"G45","G45.1",50,4.82,0.12,2.42,0.06,0.751314971853187,2410.26805973053,731.1784772,2102.32225391287,1420,191.374663072776
"G45","G45.2",51,4.9,0.54,1.83,0.16,0.892847907865031,21.6914005279541,739.0492314,1756.86208657481,1490,200.538358008075
"G112","G112.1",52,0.5,5.6,1.02,0.33,0.806165794697484,189.186702728271,548.4410838,4026.07978863055,1350,181.208053691275
"G112","G112.2",53,3.53,1,2.7,0.23,1.09854525356543,8.6254997253418,553.5666019,4226.35421806839,1720,230.563002680965
"G112","G112.3",54,5.45,0.11,1,0.91,0.817791637898423,0,554.9700991,2505.48092449898,1400,187.416331994645
"G112","G112.4",55,1.6,4.67,1.03,0.18,0.986697963003126,1432.53389072418,552.982847,1564.86010095494,2290,306.149732620321
"G112","G112.5",56,1.3,5.05,1,0.11,0.900147380441196,90.4098014831543,557.1508628,3292.72187863739,1320,176.943699731903
"G112","G112.6",57,1.23,5.37,0.54,0.28,0.846294637693736,2348.33425229492,554.1279679,2433.38249311457,2130,287.061994609164
"G113","G113.1",58,0.04,6.17,1.16,0.07,0.516977596115579,501.512998580933,557.7871407,2459.34004248129,1800,241.935483870968
"G113","G113.2",59,0.45,3.63,3.05,0.31,1.01779810999155,17.371000289917,559.8139144,2055.17554646578,3140,422.043010752688
"G113","G113.3",60,0.21,3.61,3.16,0.44,0.982477548374618,0,559.1227301,4543.60158060332,2340,315.363881401617
"G113","G113.4",61,1.05,3.08,0.43,2.87,1.17389985249672,873.336101531982,548.7175331,1787.1617346435,2390,321.668909825034
"G113","G113.5",62,0.47,5.39,1.23,0.39,0.860863927292411,392.658002853394,559.9350411,1818.91335077335,2370,316.844919786096
"G45","G45.3",63,4.33,0,3.12,0,0.679899076337094,29.0387992858887,741.9811487,2058.25394909778,1000,134.228187919463
"G45","G45.4",64,6.56,0.23,0.41,0.25,0.492892681640936,43.3583984375,736.9108189,1631.24802833387,960,128.859060402685
"G45","G45.5",65,2.76,0.31,4.14,0.23,0.933937375683867,46.7689018249512,721.9836891,1044.43198627335,2160,290.322580645161
"G45","G45.6",66,7.05,0.09,0.11,0.21,0.269395450912006,5191.56021881104,720.8067918,1019.94630973437,670,89.8123324396783
"G45","G45.7",67,3.05,0.08,4.19,0.11,0.799692831195744,2070.38919258118,720.9890198,2720.10472353121,1450,195.154777927322
"G45","G45.8",68,3.83,0.61,2.91,0.07,0.957840956966503,148.51189994812,718.9393411,1411.84471161058,1860,250.673854447439
"G45","G45.9",69,5.91,0,1.22,0.3,0.608300681064561,95.2574005126953,708.3422101,3893.9919921804,1050,141.318977119785
"G114","G114.1",70,4.19,0.07,3.07,0.14,0.808062042409061,36.0064010620117,572.6504866,2280.2626576405,1830,244.979919678715
"G114","G114.2",71,6.54,0.02,0.79,0.1,0.426067797589005,246.559005737305,580.2557475,1576.63618381787,820,110.06711409396
"G7","G7.5",72,1.99,1.59,3.2,0.63,1.25549909400072,391.908891677856,823.1394644,1706.98059081695,2990,403.508771929825
"G7","G7.6",73,5.73,0.06,0.98,0.68,0.726053467568009,54.2063989639282,832.0818808,2707.39854004096,1060,142.281879194631
"G7","G7.7",74,7.23,0,0,0.12,0.0833756047662477,0,835.4263151,0,170,23.1292517006803
"G7","G7.8",75,6.95,0.01,0.22,0.3,0.309839357531592,0,828.0856772,1147.53139019889,840,112.299465240642
"G7","G7.9",76,6.72,0.27,0.23,0.25,0.436052517392859,94.6196994781494,826.0724817,1268.36050122276,710,95.0468540829987
"G13","G13.1",77,3.29,1.92,1.31,0.94,1.27683998317444,924.509700775146,828.1599362,1910.26066046557,3160,423.592493297587
"G13","G13.2",78,7.22,0,0.12,0.1,0.153617807671779,0,833.0575777,1228.65287422761,270,36.2903225806452
"G13","G13.3",79,1.07,4.42,1.72,0.24,1.03755335246542,645.931615829468,838.6954665,1987.51111773703,2400,322.147651006711
"G114","G114.3",80,3.35,3.56,0.23,0.26,0.93633134119869,194.868104934692,581.9537843,5003.21008297668,1960,264.864864864865
"G114","G114.4",81,7.32,0,0,0.07,0.0535621871686791,0,575.442859,0,70,9.4722598105548
"G114","G114.5",82,6.01,0.53,0.83,0.03,0.625514193783291,637.073790550232,575.3410787,3153.14542218744,570,77.027027027027
"G114","G114.6",83,3.5,1.09,2.47,0.37,1.15166992742687,0,570.3198295,3843.68757789097,1680,226.110363391655
"G114","G114.7",84,5.6,0.66,0.55,0.63,0.830343958472143,20.5825004577637,567.1266237,12764.6593716253,1430,192.204301075269
"G114","G114.8",85,6.1,0.21,1.04,0,0.532983984144833,0,572.2916335,17159.357933078,450,61.2244897959184
"G114","G114.9",86,7.2,0,0,0.25,0.146897281105764,0,566.9585637,0,440,59.0604026845638
"G87","G87.1",87,5.59,0.22,0.74,0.93,0.809444342643,0,609.7136964,2922.81820997009,1310,175.133689839572
"G23","G23.1",88,1.11,1.47,4.7,0.2,0.991667076124006,0,734.3578542,3125.84750742629,2310,308.823529411765
"G23","G23.2",89,0.05,0.98,6.33,0.06,0.475559032244849,8.62349987030029,737.9827478,3416.48707197693,1730,233.153638814016
"G23","G23.3",90,2,1.8,3.43,0.22,1.15735712600151,77.8560028076172,735.2222406,3355.21585552782,2290,307.38255033557
"G23","G23.4",91,0.43,0.82,6.1,0.09,0.624046991394106,0,733.2454658,2164.44861705832,2090,280.913978494624
"G23","G23.5",92,0.26,5.44,1.29,0.46,0.822280587937485,436.325200080872,723.8518725,1983.95507387516,2170,291.275167785235
"G23","G23.6",93,0.15,3.28,3.95,0.06,0.814810321771474,240.503704071045,727.6303843,3082.21576194578,1920,258.064516129032
"G23","G23.7",94,0.11,0.34,6.9,0,0.264373481286671,72.23890209198,729.4314811,4193.40322672257,1080,146.938775510204
"G23","G23.8",95,0.74,2.74,3.24,0.76,1.19147443382218,952.193909645081,731.8053182,2926.93901486062,2910,389.03743315508
"G23","G23.9",96,3.08,1.92,2.24,0.21,1.17653384067095,349.832997322083,738.8912538,3449.95662650663,2350,315.436241610738
"G13","G13.4",97,5.89,0.07,1.44,0.02,0.561433067002642,166.276404380798,892.008233,1144.07937685643,640,86.2533692722372
"G13","G13.5",98,5.48,1.01,0.33,0.65,0.848078636913152,384.761206626892,890.7281228,1168.25971960977,1690,226.23828647925
"G13","G13.6",99,3.32,0,0,4.16,0.686828274834157,0,948.1888318,0,2650,354.27807486631
"G13","G13.7",100,3.95,0.09,0.23,3.17,0.860531454702127,357.904297828674,947.8710627,1801.32701158173,2850,383.064516129032
"G13","G13.8",101,4.46,0,0,3.02,0.674500288337901,0,919.7256914,0,2230,298.128342245989
"G27","G27.1",102,4,1.54,1.13,0.79,1.18354902718194,8.14820003509521,764.7093525,1414.0534309685,2460,329.758713136729
"G27","G27.2",103,0.23,2.53,0.9,3.8,1.07275260559529,222.990898132324,751.7281065,1710.76079107137,2450,328.418230563003
"G56","G56.7",104,5.02,0.25,1.46,0.71,0.923242656141824,191.78409576416,608.1890662,1074.22397865454,2460,330.645161290323
"G56","G56.1",105,7.03,0,0.4,0,0.209658261262234,294.415405273438,627.0157645,1158.84399625623,280,37.6850605652759
"G56","G56.2",106,5.67,0.01,1.69,0.1,0.612099376611298,0,615.8011274,1732.94050314913,1200,160.642570281125
"G56","G56.3",107,6,0.01,1.42,0,0.497795324247952,100.604103088379,620.2857659,1436.03801052945,880,118.438761776581
"G56","G56.4",108,7.48,0,0,0,0,0,622.6396273,0,0,0
"G56","G56.5",109,7.21,0,0.16,0.09,0.168643483937929,191.237594604492,611.0376552,583.05384102682,210,28.1501340482574
"G56","G56.6",110,6.26,0.08,1,0.01,0.466284263510919,210.163799285889,621.6505506,1951.35685839042,600,81.6326530612245
"G56","G56.8",111,3.89,0.04,3.49,0.03,0.744802366263175,1286.51409053802,620.2947395,1147.49847987917,1440,193.288590604027
"G28","G28.1",112,5.14,1.79,0.06,0.41,0.795769335874303,62.6223983764648,746.3355404,3535.0395843934,970,131.081081081081
"G28","G28.2",113,6.53,0,0.93,0,0.376117532803275,0,742.5444284,2560.00835693955,620,83.1099195710456
"G28","G28.3",114,6.75,0,0.37,0.31,0.369123188128481,14.4316997528076,750.1840651,2092.08470551709,800,107.671601615074
"G28","G28.4",115,6.42,0,0,1.06,0.408057744091009,0,735.921313,0,1440,192.513368983957
"G28","G28.5",116,7.2,0,0,0.23,0.13804834671824,0,728.0594284,0,460,61.9111709286676
"G28","G28.6",117,6.03,0.21,1.21,0.01,0.576412333667715,66.2073974609375,730.2488004,3199.20809706698,920,123.324396782842
"G28","G28.7",118,6.91,0.01,0.09,0.45,0.302487729615088,0,772.8820322,1408.22262297847,560,75.0670241286863
"G28","G28.8",119,6.05,0.07,0.43,0.88,0.628836242832225,0,761.8723444,2104.77606964111,2100,282.637954239569
"G37","G37.1",120,1.09,0.93,5.42,0.01,0.781273017296985,0,731.0605162,4549.08833857671,1080,144.96644295302
"G37","G37.2",121,5.06,0.72,0.65,1,0.970857947314476,197.7214012146,716.890248,2303.15551683958,2610,351.278600269179
"G37","G37.3",122,2.77,1.56,2.36,0.75,1.29093041541631,722.75638961792,715.2979169,1438.63320779887,3250,436.827956989247
"G37","G37.4",123,4.85,0.44,1.83,0.28,0.914144445317177,80.4165992736816,705.4403986,1218.66162754037,1940,262.162162162162
"G37","G37.5",124,0.17,5.05,0.58,1.66,0.883274794423746,684.007207870483,716.0620269,1092.31989637656,2880,386.058981233244
"G37","G37.6",125,0.21,4.89,1.56,0.76,0.936959082064829,311.407207489014,713.6500873,1183.12036463358,2950,397.574123989218
"G37","G37.7",126,3.67,1.24,2.21,0.31,1.14039958072649,113.883399963379,720.066035,987.687720297889,2630,353.970390309556
"G37","G37.8",127,3.99,0.41,3.02,0.01,0.868568158686611,118.383199691772,729.0497533,3829.12107433977,1350,181.695827725437
"G37","G37.9",128,2.46,0.76,4.05,0.19,1.02361850304098,278.388803482056,725.912287,1837.56863421145,1790,239.946380697051
"G4","G4.1",129,3.66,0.78,2.85,0.17,1.03924150940991,96.7637972831726,877.9528851,1058.42714002417,2870,384.718498659517
"G87","G87.2",130,5.57,0,1.66,0.22,0.655985902298262,0,620.7705064,1672.21977095125,700,93.9597315436242
"G87","G87.3",131,7.41,0,0,0.05,0.0402274059590278,0,634.6208858,0,140,18.7667560321716
"G87","G87.4",132,4.74,0,2.68,0.01,0.663459461594777,0,626.9294214,5302.63496694195,950,127.8600269179
"G87","G87.5",133,3.67,0,3.8,0,0.692995741665895,0,630.3225595,10901.5464310147,880,117.804551539491
"G87","G87.6",134,7.46,0,0,0.02,0.018510475149443,0,615.830166,0,40,5.3475935828877
"G87","G87.7",135,7.12,0,0,0.33,0.181362443273894,0,627.5971224,0,310,41.6107382550336
"G87","G87.8",136,7.42,0,0,0.01,0.0102422917834439,0,632.3986,0,30,4.03768506056528
"G110","G110.1",137,5.02,0.09,1.28,1.05,0.89801147592244,852.911792755127,512.2289843,2121.18994367417,2020,271.505376344086
"G110","G110.10",138,6.77,0,0.05,0.64,0.332313859374271,0,568.6807115,0,1140,152.815013404826
"G27","G27.3",139,0.73,1.2,4.9,0.61,1.00219628255683,319.745910644531,747.1326184,2159.61771268729,2290,307.795698924731
"G27","G27.4",140,6.05,0.52,0.42,0.42,0.677376956725647,15.8470001220703,741.0884519,1199.41847478534,1130,152.496626180837
"G27","G27.5",141,1.99,2.11,1.19,2.19,1.36134397958716,720.895503997803,735.4598733,908.110088960027,3250,434.491978609626
"G27","G27.6",142,5.88,0,0,1.54,0.51068866885998,0,782.7915269,0,1130,152.291105121294
"G27","G27.7",143,6.95,0,0,0.5,0.246109207723267,16.2113990783691,788.2406259,0,740,99.3288590604027
"G1","G1.1",144,4.59,0.02,2.73,0.14,0.757840219312689,20.0608005523682,940.782959,969.351227308467,1350,180.48128342246
"G4","G4.2",145,2.29,1.37,3.69,0.13,1.09228529221201,179.020893096924,875.5350651,1045.91465989629,2790,372.994652406417
"G4","G4.3",146,4.29,0.18,2.8,0.17,0.861641269243581,0,880.6381325,1506.90972317758,1670,224.462365591398
"G4","G4.4",147,5.8,0.2,1.37,0.04,0.629520854975598,1032.52458715439,889.4028534,1917.20862325008,1260,170.04048582996
"G4","G4.5",148,5.26,0.34,1.84,0.02,0.748265587471646,937.237167358398,894.1842861,2560.40943303323,1250,167.560321715818
"G4","G4.6",149,6.11,0.01,1.3,0.03,0.498351255320399,0,917.3586504,849.591000531658,1020,136.912751677852
"G4","G4.7",150,7.21,0,0.19,0.04,0.152188432640766,0,931.7347907,1497.16148428479,250,33.6021505376344
"G4","G4.8",151,6.92,0,0,0.54,0.259767664812476,0,932.3454972,0,740,99.1957104557641
"G4","G4.9",152,5.42,0.67,1.17,0.19,0.832354326762133,223.044596672058,899.0154225,1859.41234566542,1370,183.892617449664
"G1","G1.10",153,4.25,0.99,1.65,0.56,1.11679970853934,2035.78690576553,945.8262376,598.762143270256,3440,461.744966442953
"G1","G1.2",154,5.52,0.31,0.67,0.94,0.832046088708668,108.032299041748,949.6236827,1598.0827512416,1790,240.591397849462
"G1","G1.3",155,3.44,0.43,2.74,0.87,1.13953741302187,35.0797996520996,986.1794219,1607.46205318313,2970,397.058823529412
"G1","G1.4",156,4.11,0.09,0.91,2.33,1.00183000374731,136.938598632812,958.7381838,985.568828016457,2260,303.763440860215
"G1","G1.5",157,4.22,0.41,2.52,0.29,0.974518983246318,1167.0595741272,921.5902018,636.093243717125,2800,376.344086021505
"G1","G1.6",158,2.58,0.27,0.41,4.2,0.970202005346811,0,995.1364899,612.755738632389,2890,387.399463806971
"G1","G1.7",159,5.87,0,0,1.59,0.518083056782703,558.737086296082,1017.914636,0,1590,213.13672922252
"G1","G1.8",160,5.13,0,0.35,0.03,0.270002454178797,0,1016.247905,1001.62656162532,300,54.4464609800363
"G1","G1.9",161,4.97,0.24,2.17,0.09,0.793902826615172,8.65030002593994,972.9086373,833.994897739667,1640,219.54484605087
"G72","G72.1",162,3.11,0.94,2.7,0.6,1.19935361773799,15.9770002365112,640.6214223,3545.89689598994,2280,310.204081632653
"G72","G72.2",163,0.07,2.13,5.14,0.1,0.71539424489574,0,643.6953011,4048.67044298609,1380,185.483870967742
"G72","G72.3",164,6.95,0,0.45,0.03,0.25455286628815,1177.13723516464,662.033386,2873.73206070811,310,41.7227456258412
"G72","G72.4",165,6.01,0.07,0.73,0.62,0.650719197105814,0,655.680965,2652.64574114329,1430,192.462987886945
"G72","G72.5",166,7.4,0,0,0.07,0.0530899390416973,0,655.2441332,0,180,24.0963855421687
"G72","G72.6",167,7.27,0,0,0.14,0.0937005554155441,0,659.2029102,0,380,51.2820512820513
"G110","G110.2",168,0.8,1.28,5.29,0.09,0.838921436390506,72.3915987014771,513.0399436,1966.33952461638,2570,344.504021447721
"G110","G110.3",169,1.44,1.4,4.35,0.27,1.06613823665156,1155.40850448608,514.2715614,1872.77591917051,2530,339.142091152815
"G110","G110.4",170,1.12,1.76,4.22,0.37,1.09655613292024,1204.42010068893,517.9045032,1328.33725209151,2950,394.912985274431
"G110","G110.5",171,6.18,0.48,0.73,0.03,0.57985208507807,1148.54700374603,536.2091623,1114.57882676381,760,102.425876010782
"G110","G110.6",172,7.44,0,0,0,0,0,557.8798547,0,0,0
"G110","G110.7",173,7.1,0,0.32,0.03,0.203266749277946,0,565.5238678,0,340,45.6375838926174
"G110","G110.8",174,0.03,0.01,7.39,0,0.0365224236589093,0,573.5667016,4336.66836194834,80,10.7671601615074
"G110","G110.9",175,0.17,0,7.23,0,0.109394112590455,0,574.6188395,6205.42851916649,220,29.7297297297297
"G80","G80.1",176,5.59,0,1.86,0,0.561966182400558,0,622.7233504,1574.89591202657,870,116.778523489933
"G80","G80.2",177,4.71,0,2.71,0,0.656367622223807,708.973083496094,626.326843,2007.31230045427,1150,154.986522911051
"G80","G80.3",178,7.44,0,0,0,0,593.139179229736,632.7142932,0,0,0
"G80","G80.4",179,7.41,0,0,0,0,0,633.7478198,0,0,0
"G80","G80.5",180,6.93,0,0.55,0,0.262674215104973,9.90460014343262,626.5133083,1153.65117391803,220,29.4117647058824
"G80","G80.6",181,7.09,0.04,0.28,0.01,0.204200359015543,48.0144996643066,627.4510449,1222.70480110194,300,40.4312668463612
"G80","G80.7",182,5.31,0,2.13,0,0.598796593199252,0,621.8392739,4053.12528670178,860,115.591397849462
"G80","G80.8",183,6.12,0.03,0.36,0.95,0.593330184319017,0,609.3092749,1618.24627409654,1260,168.900804289544
"G79","G79.1",184,4.28,0.61,2.39,0.12,0.954269507640556,0,611.5501833,1245.48401986234,1760,237.837837837838
"G79","G79.2",185,3.69,0.46,2.66,0.62,1.09482280663138,0,623.6982122,1420.2445339222,2100,282.637954239569
"G79","G79.3",186,7.43,0,0,0,0,0,618.9314187,0,0,0
"G79","G79.4",187,7.49,0,0,0,0,0,622.05795,0,0,0
"G79","G79.5",188,7.44,0,0,0,0,0,604.3002776,0,0,0
"G79","G79.6",189,7.44,0,0,0,0,0,609.9209875,0,0,0
"G79","G79.7",190,7.41,0,0,0.05,0.0402274059590278,0,618.3494641,0,150,20.1072386058981
"G79","G79.8",191,7.42,0,0,0.01,0.0102422917834439,74.0384979248047,614.1689107,0,40,5.3835800807537
"G92","G92.1",192,6.82,0.02,0.56,0,0.286547192020473,0,576.637618,2017.44782142894,300,40.5405405405405
"G92","G92.2",193,7.43,0,0,0,0,0,580.9162883,0,0,0
"G92","G92.3",194,7.48,0,0,0,0,0,584.0680803,0,0,0
"G92","G92.4",195,7.42,0,0,0,0,0,575.1757972,0,0,0
"G92","G92.5",196,7.26,0,0.16,0,0.104062544624741,0,573.1786696,10307.5164704075,110,14.8247978436658
"G92","G92.6",197,7.42,0,0,0,0,0,569.2761177,0,0,0
"G92","G92.7",198,7.42,0,0,0.04,0.0333820132403884,0,581.3993387,0,100,13.4048257372654
"G92","G92.8",199,6.99,0,0,0.49,0.241861449326277,0,574.4271183,0,380,50.8021390374332
"G92","G92.9",200,7.43,0,0,0,0,0,576.3180197,0,0,0
"G97","G97.1",201,3.92,0.89,2.59,0.03,0.981170361070106,343.074695587158,592.4510482,2072.57269365003,1820,244.952893674293
"G97","G97.2",202,6.21,0.04,0.98,0.21,0.546633019474116,0,587.544254,1775.14079387579,960,129.032258064516
"G97","G97.3",203,5.76,0.09,1.54,0.07,0.622493555201153,0,595.7994526,2758.35896918148,1010,135.388739946381
"G97","G97.4",204,5.27,0.49,1.65,0.03,0.779661029795029,183.455700874329,588.3806859,1026.4841617783,1220,163.978494623656
"G126","G126.1",205,4.67,1.36,0.19,1.19,0.989759243277312,46.4272003173828,513.9962171,2263.33061482935,1980,267.206477732794
"G126","G126.2",206,6.17,0.36,0.2,0.73,0.627769763462532,0,515.0466829,1821.37906167739,1210,162.198391420912
"G126","G126.3",207,3.35,0.79,0.03,3.25,0.981371979515816,0,527.785614,8064.86444659283,2260,304.582210242588
"G122","G122.1",208,0.18,4.96,1.97,0.31,0.844210308938111,908.86979675293,542.2252951,1925.12536555386,2570,346.361185983828
"G122","G122.2",209,2.16,3.69,1.55,0.04,1.06174510972866,75.057300567627,549.3013604,3024.42261996553,2070,278.225806451613
"G122","G122.3",210,1.49,2.41,3.17,0.39,1.20470572476773,1237.88689851761,557.4838724,3671.54247665103,3060,410.187667560322
"G122","G122.4",211,6.79,0.15,0.47,0,0.333939308279541,81.5166015625,564.4230537,1444.98433317523,560,75.5735492577598
"G122","G122.5",212,7.42,0,0,0,0,0,569.6908351,0,0,0
"G122","G122.6",213,1.23,4.22,1.38,0.6,1.13490519610534,584.916101932526,554.3852694,1593.6915745949,2530,340.511440107672
"G127","G127.1",214,2.03,3.19,1.08,1.18,1.28814130183783,174.570806503296,557.5747673,3826.09750623262,2880,385.026737967914
"G127","G127.2",215,2.89,2.12,1.23,1.21,1.31756819848295,397.971994400024,558.2260159,3752.19435676074,2840,381.208053691275
"G127","G127.3",216,5.64,0.82,0.68,0.29,0.797910473866942,56.5120010375977,564.6136374,6360.46400520852,1360,183.041722745626
"G127","G127.4",217,7.43,0,0,0.02,0.0185742108810159,0,578.8004072,0,40,5.36912751677852
"G127","G127.5",218,7.46,0,0,0,0,0,579.0144162,0,0,0
"G42","G42.1",219,0.62,1.94,2.64,2.17,1.28734351813236,503.619604110718,706.8116449,1941.50436453621,3450,468.113975576662
"G42","G42.2",220,0.33,4.52,1.79,0.77,1.01854830202916,590.577392578125,704.5322837,2762.93999679358,2710,365.721997300945
"G42","G42.3",221,3.36,1.65,1.35,1.08,1.28285740504837,270.919696807861,705.2800558,1473.98968608002,3100,416.666666666667
"G42","G42.4",222,0.41,3.55,1.66,1.8,1.19131625660933,224.639198303223,696.9936609,1456.21312470913,3700,498.652291105121
"G42","G42.5",223,0.92,2.44,3.11,0.97,1.2543311468457,62.6497993469238,706.4244245,2882.00316799032,2820,379.032258064516
"G42","G42.6",224,2.73,1.49,2.54,0.68,1.27550443880345,0,712.4432288,2595.34794655952,2030,272.849462365591
"G42","G42.7",225,5.35,0,2.07,0,0.591983340478304,364.817497253418,727.0498895,1258.95537935535,890,119.946091644205
"G42","G42.8",226,2.69,2.91,1.44,0.4,1.20999436122651,110.115200996399,718.7011423,2326.11451854525,2390,321.236559139785
"G42","G42.9",227,0.72,4.28,1.88,0.59,1.09230282036624,343.423998355865,715.5198381,1129.28542666704,3420,457.831325301205
"G42","G42.10",228,0.91,4.36,1.8,0.36,1.06011845637608,0,722.6253498,1022.72299902275,2330,313.593539703903
"G25","G25.1",229,3.4,2.16,1.35,0.55,1.21859012255735,272.170892715454,633.537872,1918.9545154442,2970,398.123324396783
"G25","G25.2",230,5.86,0.61,0.75,0.26,0.743003484778644,0,650.2234027,1824.83672625709,1750,233.957219251337
"G25","G25.3",231,7.39,0,0,0.05,0.0403174418990978,0,688.1606047,0,60,8.06451612903226
"G25","G25.4",232,4.5,0,0,2.96,0.671685639447881,0,700.8805887,0,1570,210.455764075067
"G25","G25.5",233,6.77,0,0,0.65,0.296952175371118,0,689.0374681,0,880,118.598382749326
"G25","G25.6",234,6.15,0.08,0,1.21,0.501525062989472,0,678.5810292,674.141607074067,1040,139.784946236559
"G25","G25.7",235,7.15,0,0,0.33,0.180816390334625,0,674.1265198,0,730,97.5935828877005
"G48","G48.1",236,5.44,0.03,1.97,0,0.603015011019892,0,630.6314096,1642.15109427888,630,84.6774193548387
"G48","G48.10",237,2.17,0.97,4.13,0.19,1.0452713279113,0,611.5518179,1426.68918222185,2470,331.099195710456
"G48","G48.2",238,4.64,0.32,2.34,0.18,0.884272210917784,0,631.8294723,3025.53394156844,1070,143.048128342246
"G48","G48.3",239,5.1,0.54,1.62,0.11,0.842042352244603,378.276706695557,631.8310065,1404.79179308091,830,112.618724559023
"G48","G48.4",240,7.46,0,0,0,0,0,641.1158908,0,0,0
"G48","G48.5",241,7.41,0,0,0,0,124.68510055542,632.5117134,0,0,0
"G48","G48.6",242,6.95,0.1,0.12,0.18,0.269407703244051,0,621.1464636,2472.47629573641,600,81.6326530612245
"G48","G48.7",243,5.37,0,2.06,0.01,0.599778309669229,73.7313985824585,619.1452537,2987.78561826517,920,123.655913978495
"G47","G47.1",244,7.44,0,0,0,0,0,623.4342976,0,0,0
"G47","G47.2",245,7.15,0,0,0.2,0.124909052277741,0,630.7498955,0,450,61.2244897959184
"G47","G47.3",246,5.67,0.03,1.65,0.11,0.62660574326808,0,646.1875986,1623.30698706089,880,117.962466487936
"G47","G47.4",247,0.08,0,7.4,0,0.0591721355679023,0,653.0060846,5481.1568077,100,13.3689839572192
"G47","G47.5",248,4.53,0.48,2.35,0.07,0.886684270512298,0,649.2567723,3676.52870123382,820,110.363391655451
"G47","G47.6",249,5.85,0.2,1.37,0.01,0.606194075753871,0,650.8741028,14178.0298089813,470,63.257065948856
"G47","G47.7",250,6.65,0.05,0.43,0.33,0.438422750201709,65.2386989593506,641.2911161,1786.30163447652,910,121.983914209115
"G47","G47.8",251,2.84,0.95,3.2,0.4,1.1515159383252,0,635.4192197,1213.06711467246,2160,292.286874154262
"G47","G47.9",252,6.13,0.22,0.98,0.09,0.582984723209803,188.116497039795,644.8759996,744.174326401226,810,109.164420485175
"G48","G48.8",253,3.67,1.04,2.19,0.54,1.17400837476452,0,609.9353842,934.334364230247,2640,354.838709677419
"G48","G48.9",254,1.43,0.35,5.7,0,0.666685478039189,84.1006011962891,617.1084727,2704.69005161484,890,118.983957219251
"G65","G65.1",255,3.4,0.97,3.08,0,0.988606757898809,0,618.583996,2125.88651167362,1720,230.872483221477
"G65","G65.2",256,6.92,0,0.53,0,0.256580255016218,0,619.5579532,3788.09758421173,320,42.9530201342282
"G65","G65.3",257,6.46,0.19,0.8,0,0.45681649915589,0,615.0675601,1022.39133151546,850,114.093959731544
"G65","G65.4",258,6.54,0,0.92,0,0.373496703499311,673.90837097168,614.1497874,2752.3775572059,240,32.171581769437
"G65","G65.5",259,7.34,0,0,0.12,0.0823871192379292,0,608.1196311,0,410,54.9597855227882
"G65","G65.6",260,4.96,0.18,1.83,0.47,0.879808165816899,0,602.7173385,1633.09316527063,1500,201.612903225806
"G65","G65.7",261,7.41,0,0,0,0,0,608.3060759,0,0,0
"G65","G65.8",262,7.44,0,0,0,0,0,614.5812673,0,0,0
"G38","G38.1",263,4.13,1.09,2.13,0.13,1.03673406353732,17.4845008850098,644.4928117,1815.36209024614,2270,303.475935828877
"G38","G38.2",264,5.29,0.74,1.11,0.24,0.865617480936287,22.1819000244141,655.0319772,900.799450171334,1750,237.127371273713
"G38","G38.3",265,1.12,0.34,2.5,3.47,1.14844966580912,0,675.1745215,1920.55359739216,2200,296.096904441454
"G38","G38.4",266,1.38,0.31,0.16,5.58,0.74290555689092,0,688.4211381,871.05051906282,2280,306.864064602961
"G38","G38.5",267,1.59,1.53,0.69,3.59,1.22843551537313,1824.44209957123,667.8471275,1113.34102988957,3010,406.756756756757
"G38","G38.6",268,4.3,0,0,3.15,0.681185532519498,0,683.6085858,0,1670,224.161073825503
"G38","G38.7",269,4.58,0,0,2.9,0.667708387080564,0,693.9855808,0,1650,220.588235294118
"G38","G38.8",270,6.03,0,0,1.38,0.480717118982744,0,692.4535123,0,1220,164.642375168691
"G81A","66",271,7.48,0,0,0,0,0,616.212354,0,0,0
"G81A","67",272,6.51,0.13,0.53,0.26,0.492270607124758,123.554397583008,608.8077447,2133.8421265193,950,127.8600269179
"G81A","68",273,7.46,0,0,0,0,0,616.1670205,0,0,0
"G81A","69",274,7.13,0,0.32,0.01,0.187186992100565,16.6574993133545,622.2443867,6355.30101891709,190,25.4691689008043
"G81A","71",275,7.4,0,0,0.07,0.0530899390416973,0,615.7362884,0,140,18.7416331994645
"G81A","72",276,6.3,0.02,0.55,0.61,0.556766064235985,0,606.6290695,2603.93955409937,1330,177.807486631016
"G81A","73",277,5.08,0,0,2.27,0.618172228004473,0,605.3917577,0,1890,257.142857142857
"G81A","74",278,7.43,0,0,0,0,0,614.2134028,0,0,0
"G81A","75",279,4.65,0.2,2.63,0,0.759864810151011,114.923599243164,612.7945373,2070.31971295427,900,120.320855614973
"G81A","77",280,2.94,0.31,4.2,0,0.822333166469324,688.768828392029,614.7650348,2892.03865653782,1400,187.919463087248
"G143","G143.1",281,7.45,0,0,0.01,0.0102065081222973,102.666501998901,612.5161337,0,40,5.36193029490617
"G143","G143.2",282,5.71,0.1,1.51,0.03,0.602196782384836,0,630.454153,2537.63431513334,680,92.5170068027211
"G143","G143.3",283,7.31,0,0.12,0.03,0.108517884733857,0,627.4639225,5849.9675560442,200,26.8096514745308
"G143","G143.4",284,3.43,0.45,3.55,0.03,0.902206823330626,0,607.5693781,2881.18507766759,1160,155.495978552279
"G143","G143.5",285,6.9,0,0.41,0.13,0.300323294618203,0,602.243373,1085.14170171037,500,67.2043010752688
"G143","G143.6",286,6.82,0,0,0.64,0.292689750358908,0,600.7287387,0,670,89.8123324396783
"G143","G143.7",287,7.42,0,0,0,0,0,616.4153438,0,0,0
"G144","G144.1",288,5.44,0.25,1.75,0,0.683361153989069,8.62530040740967,588.774893,2427.58465201058,730,98.1182795698925
"G144","G144.2",289,7.37,0,0,0.1,0.071040918100044,0,594.6165434,0,160,21.4190093708166
"G144","G144.3",290,7.34,0,0,0.1,0.0712729193317546,0,614.5937764,0,170,22.8494623655914
"G144","G144.4",291,6.41,0.09,0.75,0.18,0.502465623130236,0,591.7020846,630.728917046887,1090,146.702557200538
"G55","G55.1",292,1.39,2.28,2.79,0.95,1.30771847693308,454.659488677979,613.9482892,1412.24892193181,3130,422.402159244265
"G55","G55.10",293,5.18,1.18,0.94,0.14,0.880260828750626,0,616.2800229,1320.05244648528,1440,193.548387096774
"G55","G55.2",294,6.22,0.16,0.69,0.39,0.608448910852724,0,623.6195018,1185.54575828253,720,96.514745308311
"G55","G55.3",295,6.88,0,0.58,0,0.27323442713428,0,625.3229913,1232.38925994558,410,54.9597855227882
"G55","G55.4",296,7.25,0,0,0.19,0.118870617664004,0,630.4336844,0,170,22.8494623655914
"G55","G55.5",297,6.44,0.4,0.38,0.15,0.508148021277672,0,635.6288031,2455.44253356657,1090,147.896879240163
"G55","G55.6",298,4,0,3.35,0,0.689231659750809,0,637.7049033,3990.06697795199,570,77.5510204081633
"G55","G55.7",299,5.53,0,1.94,0,0.572748642026878,30.4918994903564,629.3002324,1096.71726386355,1220,163.319946452477
"G55","G55.8",300,3.83,1.06,1.41,1.14,1.22208980836487,0,617.2397424,1280.70016935192,2520,338.709677419355
"G55","G55.9",301,5.37,0.04,2.01,0.01,0.625379166231065,0,620.4733014,920.048606374662,800,107.671601615074
"G58","G58.1",302,6.81,0.37,0.24,0.03,0.364096940460084,0,585.9324492,3493.658053525,560,75.1677852348993
"G58","G58.2",303,2.32,1.42,3.65,0.06,1.06763441532058,0,587.5735397,1373.84435638815,2060,276.510067114094
"G58","G58.3",304,7.31,0,0.16,0.02,0.121724360027173,0,602.0918361,1030.01713512844,180,24.0320427236315
"G58","G58.4",305,7.42,0,0,0,0,0,615.7727541,0,0,0
"G58","G58.5",306,7.48,0,0,0,0,0,601.9597226,0,0,0
"G58","G58.6",307,7.48,0,0,0,0,0,610.929796,0,0,0
"G58","G58.7",308,7.26,0,0,0.18,0.113938881063021,0,596.0634352,0,330,44.3548387096774
"G58","G58.8",309,7.42,0,0,0,0,0,609.0994211,0,0,0
"G67","G67.1",310,1.45,0.02,5.97,0.02,0.528434047832975,0,622.8504707,3959.13279647545,1160,155.495978552279
"G67","G67.2",311,4.58,1.27,1.55,0.08,0.976113844604879,81.6947021484375,616.5343639,3101.553420258,1440,192.513368983957
"G67","G67.3",312,2.93,0.57,2.56,1.35,1.24157415082304,32.1173000335693,600.509023,1819.23167574959,3200,431.848852901484
"G67","G67.4",313,0.75,0.67,5.49,0.51,0.855716944417932,0,606.5062538,2321.50548599129,1930,260.10781671159
"G67","G67.5",314,5.6,0.02,1.78,0.06,0.611858412513642,0,619.3125948,1273.24858402988,1020,136.729222520107
"G67","G67.6",315,5.06,0,2.35,0.03,0.648430836782905,0,596.5359521,7758.356936094,1040,139.784946236559
"G67","G67.7",316,2.84,0.61,3.44,0.57,1.12584270240835,1415.39190292358,583.6883256,1077.07176034244,2780,372.654155495979
"G67","G67.8",317,1.29,1.57,4.26,0.32,1.08671697300153,41.4748992919922,587.5639248,2086.65411589315,3020,405.913978494624
"G67","G67.9",318,6.08,0.09,1.02,0.27,0.612183814991203,102.072402954102,599.6757315,1387.59352901841,770,103.217158176944
"G80","G80A.1",319,6.64,0,0.82,0,0.346347147753331,0,621.8881615,4058.05986725911,510,68.3646112600536
"G80","G80A.2",320,5.22,0,2.23,0,0.610294572862319,0,619.1194047,6399.89623181568,560,75.1677852348993
"G80","G80A.3",321,5.84,0.75,0.2,0.65,0.731552324482011,262.255501747131,594.4411974,2148.00542377573,1180,158.602150537634
"Gnew1","GN.10",322,7.43,0,0,0.04,0.0333445175695313,0,652.366122,0,50,6.69344042838019
"Gnew1","GN.2",323,7.42,0,0,0,0,0,663.8200668,0,0,0
"Gnew1","GN.3",324,7.31,0,0,0.15,0.0984561738048049,0,655.832991,0,320,42.8954423592493
"Gnew1","GN.4",325,7.43,0,0,0,0,0,662.4635934,0,0,0
"Gnew1","GN.5",326,7.3,0,0,0.14,0.0933994857220804,0,653.4594085,0,200,26.8817204301075
"Gnew1","GN.6",327,7.48,0,0,0,0,0,652.8544679,0,0,0
"Gnew1","GN.7",328,7.46,0,0,0,0,0,651.8487205,0,0,0
"Gnew1","GN.8",329,7.4,0,0,0,0,0,658.4956095,0,0,0
"Gnew1","GN.9",330,7.39,0,0,0,0,0,660.1650062,0,0,0
"Gnew2","GN2.1",331,6.01,0,1.45,0,0.492497787460272,0,589.3374055,1565.55568459418,450,60.3217158176944
"Gnew2","GN2.2",332,6.76,0,0,0.71,0.314061449289474,0,590.7140003,0,950,127.175368139224
"Gnew2","GN2.3",333,6.8,0,0,0.6,0.281401839591419,0,592.6661181,0,540,72.972972972973
"Gnew2","GN2.4",334,6.3,0,0,1.14,0.428264006163889,0,604.4781094,0,1380,185.483870967742
"Gnew2","GN2.5",335,7.1,0,0,0.34,0.1856507303142,0,612.3878467,0,410,55.1075268817204
"Gnew2","GN2.6",336,5.79,1.04,0.48,0.11,0.708533495795645,0,609.3670218,1498.67288827965,950,128.032345013477
"Gnew2","GN2.7",337,7.34,0,0,0.03,0.0264665029504509,0,620.0481699,0,120,16.2822252374491
"Gnew2","GN2.8",338,6.76,0,0,0.64,0.294332568981915,0,595.4232928,0,860,116.216216216216
"Gnew1","GNEW.1",339,7.45,0,0,0,0,0,669.1953749,0,0,0
"G61","G61.1",340,0.85,4.98,0.66,0.93,0.991353069317042,695.09748840332,529.9014663,1314.25717258926,2320,312.66846361186
"G61","G61.2",341,1.9,4.64,0.64,0.27,0.974461911452565,4155.56418895721,532.2685611,2915.64097941264,1840,246.979865771812
"G61","G61.3",342,1.71,4.06,1.43,0.28,1.10832228362644,7798.21286201477,532.174078,1593.92643733857,2230,298.128342245989
"G61","G61.4",343,0.05,5.44,1.76,0.18,0.693189376318501,222.677192687988,533.8675011,3045.50997705844,1830,246.298788694482
"G61","G61.5",344,0.01,5.21,2.14,0.08,0.665535428244894,0,533.5457933,2807.58929165511,1790,240.591397849462
"G61","G61.6",345,0.03,5.7,1.22,0.49,0.701962641549245,34.8763999938965,531.68028,2843.80412846918,2060,276.881720430108
"G61","G61.7",346,0.01,6.2,1.22,0.01,0.466185330744755,125.494003295898,529.7274447,2939.85921317158,1080,145.161290322581
"G61","G61.8",347,0.34,5.8,0.54,0.8,0.766574332013514,811.35090637207,528.0662272,3429.08195825036,1280,171.122994652406
"G66","G66.1",348,0.02,6.79,0.57,0.04,0.322439351409263,193.967698097229,529.1816928,3623.66676922697,1000,134.770889487871
"G66","G66.2",349,0,7.02,0.28,0.05,0.202305648228897,0,529.7505805,5710.87065221488,510,69.3877551020408
"G66","G66.3",350,0.18,6.82,0.13,0.33,0.38037438107941,689.087115287781,531.7559586,3801.19540433653,1120,150.134048257373
"G66","G66.4",351,0.02,6.65,0.68,0.09,0.388322995121715,292.735305786133,533.9274626,5567.4252676468,960,129.032258064516
"G66","G66.5",352,0.04,6.77,0.52,0.09,0.351602176094133,115.768799304962,530.0055432,6541.50117860883,1260,169.811320754717
"G66","G66.6",353,0.66,5.78,0.31,0.71,0.768271466590689,1539.57869148254,533.1565499,3153.92158142239,2160,289.544235924933
"G66","G66.7",354,0.2,6.82,0.22,0.22,0.386855975447612,417.114902019501,532.9530867,3420.21701803649,1070,143.43163538874
"G66","G66.8",355,0.04,6.76,0.51,0.09,0.348826097935391,104.396797180176,533.2874304,6995.00469643583,1010,136.486486486486
"G66","G66.9",356,0.93,5.36,0.91,0.23,0.860450761734439,422.277898311615,536.2699879,2741.64195920433,2430,327.052489905787
"G36","G36.1",357,0.04,5.94,0.1,1.39,0.580898892253303,919.283521652222,561.1873779,2580.88411188639,980,131.191432396252
"G36","G36.2",358,0.75,4.7,0.45,1.54,1.01716672322353,266.404006958008,564.7242612,1488.6834686432,2180,293.010752688172
"G36","G36.3",359,0.48,4.44,0.69,1.86,1.05180014581374,1189.98068237305,564.4125314,1249.24508640081,3100,414.993306559572
"G36","G36.4",360,1.88,3.23,1.69,0.63,1.25591386437104,2306.28987884521,573.7904114,611.877744600799,2070,278.600269179004
"G36","G36.5",361,0.4,5.22,1.21,0.63,0.910481896692813,289.154407501221,573.313639,1069.45191621403,3020,404.825737265416
"G36","G36.6",362,2.47,2.83,1.31,0.85,1.28663364669012,0,577.1627175,1752.58666177824,2670,357.908847184987
"G36","G36.7",363,2.3,2.69,0.77,1.69,1.30175804056753,0,581.6193098,2584.81322845421,2540,340.939597315436
"YU","YU.1",364,1.68,2.57,0.51,2.59,1.25744862491768,190.807703018188,525.0721906,2364.2621763422,3050,414.965986394558
"YU","YU.2",365,0.32,5.93,0.45,0.7,0.706625447713942,356.240093231201,530.8269082,3136.38580643802,1790,241.891891891892
"YU","YU.3",366,0.08,5.32,1.92,0.14,0.713658867352365,953.402297019958,537.9198198,1250.24228354346,1650,221.179624664879
"YU","YU.4",367,0.12,6.82,0.4,0.05,0.332643693379291,118.827003479004,537.5353187,3832.68441162056,630,85.2503382949932
"YU","YU.5",368,0.12,6.55,0.47,0.31,0.486316433469548,509.789206504822,529.8755226,3135.17934793943,1280,171.812080536913
"YU","YU.6",369,0.02,6.99,0.36,0.07,0.264970852023468,46.9646987915039,531.060193,2909.53222727694,770,103.494623655914
"YU","YU.7",370,0.01,6.97,0.43,0.03,0.257018355880252,334.340103149414,538.2267886,3196.21567505148,700,94.0860215053764
"YU","YU.8",371,0,5.65,1.71,0.09,0.600892906358459,0,539.7293387,3426.56143026357,1980,265.771812080537
